theta,leak_amp,leak_prob,compressed_mismatch_norm,postprojected_infidelity
0.0001,5.773502682273053e-05,3.3333333222214134e-09,2.3570224650775754e-09,0.0
0.0002,0.00011547005306811677,1.3333333155553704e-08,9.428090163855499e-09,0.0
0.0005,0.0002886751225666714,8.333332638888275e-08,5.8925563850843455e-08,1.5543122344752192e-15
0.001,0.0005773501729645787,3.333332222222289e-07,2.357022385719957e-07,2.7755575615628914e-14
0.002,0.0011546997685790395,1.3333315555564873e-06,9.428086923652008e-07,4.4431125445498765e-13
0.005,0.0028867393178325447,8.333263889120306e-06,5.8925428696560925e-06,1.7361001525273423e-11
0.01,0.0057734064673325095,3.333222223703685e-05,2.3570007797512117e-05,2.7778579436699147e-10
0.02,0.011546235598829455,0.0001333155565036766,9.427741232445976e-05,4.444971724026914e-09
0.05,0.028855486832299996,0.0008326391203290384,0.000589119261847169,1.7373967242662047e-07
0.1,0.0576388499751663,0.003322237026459728,0.0023548409837934633,2.785998041154869e-06
0.2,0.1147017916142514,0.013156500999519151,0.009393223260427836,4.496852940538698e-05
0.3,0.1706186708668982,0.029110730848386935,0.021037015134561934,0.00023092933656243542
