case,trial,start,dev_mEh,success,status,nit,fidelity,residual_Eh,theta_distance_from_base
18q,1,base,1.4926735102562816,True,0,1,0.982613378846532,0.0480117588991053,2.2657677797592853e-05
18q,2,noise_0.01_0,1.492660388976219,True,0,81,0.9826123849544488,0.04799750215478424,0.009023624963612567
18q,3,noise_0.01_1,1.4926667286090378,True,0,100,0.9826119195193155,0.04800027905630864,0.010519405924607608
18q,4,noise_0.03_0,1.4927925890333427,False,1,150,0.9826110606043248,0.04798183062014323,0.02335258868677943
18q,5,noise_0.03_1,1.4926946246305306,False,1,150,0.9826113348642841,0.047998059873143296,0.03140133629657283
18q,6,noise_0.08_0,1.4928298605809687,False,1,150,0.9826138523977745,0.04799418581760777,0.03703386265159696
18q,7,noise_0.08_1,1.4930560646462254,False,1,150,0.9826111470724104,0.048010229039201394,0.11774630984080331
24q,1,base,1.1807030932686757,False,1,120,0.9907146541831499,0.05858479467326743,0.0664129286352219
24q,2,noise_0.005_0,1.180856995688373,False,1,120,0.9906899258071729,0.05852180753481254,0.04068826444893687
24q,3,noise_0.005_1,1.1808746658061864,False,1,120,0.9907002703180143,0.05856358065355494,0.03910990727441448
24q,4,noise_0.02_0,1.1812543871201342,False,1,120,0.9906821568915791,0.05853764697885235,0.04363319897500941
24q,5,noise_0.02_1,1.1808442113760975,False,1,120,0.9906725766072172,0.058566716187542715,0.05662556840533684
