case,orbital_index,occupation_exact,occupation_approx,absolute_error
18q,1,1.9999948524214246,1.9999999989290294,5.146507604747441e-06
18q,2,1.9999853373488437,1.99998421916812,1.1181807235693952e-06
18q,3,1.9999704912821863,1.9999683788745808,2.1124076055034635e-06
18q,4,1.9999396862496277,1.9999258031715823,1.3883078045395791e-05
18q,5,1.9998812514671636,1.9998329780370367,4.8273430126810624e-05
18q,6,1.9998628459177765,1.999814798256647,4.804766112953551e-05
18q,7,1.0329835189749357,1.0308774052285243,0.002106113746411342
18q,8,1.0001135829061265,1.0002189429755044,0.00010536006937789111
18q,9,0.9672684334319149,0.9693774753589808,0.0021090419270658467
24q,1,1.999999916539143,1.9999986158880068,1.3006511363489182e-06
24q,2,1.9999995704997917,1.9999976302864058,1.9402133859536264e-06
24q,3,1.999998130710324,1.9999935081432627,4.622567061352001e-06
24q,4,1.9999810103822036,1.9999888202840086,7.809901805044817e-06
24q,5,1.9999672736203555,1.9999578983291593,9.375291196267455e-06
24q,6,1.9999605139070475,1.9999232658213044,3.724808574312455e-05
24q,7,1.999883570006422,1.9998058045551232,7.776545129867252e-05
24q,8,1.9979565894115703,1.999561191128615,0.0016046017170447957
24q,9,1.9979489023178567,1.9994605397285738,0.001511637410717137
24q,10,1.0319980520401582,1.0306800878010565,0.0013179642391016877
24q,11,1.0020616539196452,1.0005528796270249,0.0015087742926203074
24q,12,0.970244816645502,0.9700797584074508,0.0001650582380512411
