run,initialization,target_pD,error_mEh,doublet_weight,S2,fidelity_to_projected,postprojected_error_mEh,fidelity_projected_vs_postprojected,success
same projected amplitudes,projected amplitudes,,464.729675,0.455487715,2.383536856,0.0734304134,465.164029,0.16121272,True
full-space constrained reoptimization,zero,0.999,8.481521939302183,0.9989999999998895,0.7530000000003312,0.9798868492900651,7.3354677251700195,0.9808677170071803,True
full-space constrained reoptimization,zero+pert0,0.999,8.481521937028447,0.9989999999999096,0.753000000000271,0.9798869032966473,7.335466505992372,0.9808677710678034,True
full-space constrained reoptimization,zero+pert1,0.999,8.481521937483194,0.9989999999998184,0.7530000000005448,0.9798869297658396,7.335470806083322,0.9808677975635812,True
full-space constrained reoptimization,zero+pert2,0.999,8.973358587354596,0.9989999999998691,0.7530000000003928,0.9779984982629062,7.995239915544516,0.9789774757387726,True
full-space constrained reoptimization,near-projected,0.999,43.77055998520518,0.9989999999997914,0.7530000000006258,0.6566808451197584,42.59515280409687,0.657338183303199,True
full-space constrained reoptimization,near-projected+pert0.02,0.999,43.77056000612356,0.99899999999978,0.75300000000066,0.6566816534582043,42.595145067934936,0.6573389924507995,True
full-space constrained reoptimization,near-projected+pert0.10,0.999,43.770560091161315,0.9989999999999223,0.7530000000002331,0.6566797442797327,42.59512728822301,0.657337081361145,True
full-space constrained reoptimization,zero,0.9999,11.269612838987086,0.9998999999999832,0.7503000000000503,0.9701683588207534,11.030493928956275,0.9702653853593055,True
full-space constrained reoptimization,near-projected,0.9999,47.89170975118395,0.9998999999999862,0.7503000000000413,0.6382336414725455,47.64185203066518,0.6382974712196765,True
