ops,pool_index,theta,projected_error_mEh,bare_error_vs_doublet_mEh,bare_S2,doublet_weight,quartet_weight,full_fidelity,postprojected_doublet_error_mEh,postprojected_doublet_fidelity,quartet_component_error_mEh,cumulative_L_spectral
1,12,-0.16816359869264516,381.7385456241027,381.73854562364795,0.75,1.0000000000000004,-4.440892098500626e-16,1.0000000000000004,381.73854562182896,1.0000000000000009,nan,0.13730500336904702
2,5,0.014829382766618937,373.41248034090313,373.5576367048452,0.7502198944734886,0.9999267018421714,7.329815782863847e-05,0.9999267004988298,373.408761556675,0.9999999986565611,2410.4403986898433,0.14941314369525993
3,119,-0.6754982419971352,177.77593475557296,177.9384832989308,0.7502198944734886,0.9999267018421711,7.329815782886051e-05,0.9999267004988296,177.77526857707926,0.9999999986565609,2410.44038149721,0.14941314369526046
4,19,0.07001642141976257,161.5096542404899,162.6808658165828,0.7515838297064416,0.9994720567645203,0.0005279432354796665,0.9994719158483001,161.49668810567164,0.9999998590093461,2410.440379546799,0.20658131239329142
5,4,-0.15003497864472534,159.09156312909545,169.00215111354555,0.7651391186082163,0.9949536271305959,0.0050463728694041254,0.9949383405038064,159.06743060031658,0.9999846358399307,2133.694548328549,0.32908435947627407
6,16,-0.01708064919851132,157.51037412974256,167.39359831535694,0.7651352612972873,0.9949549129009051,0.005045087099094903,0.9949387265107418,157.45367321278536,0.9999837315340095,2133.614137461336,0.34303065114688447
7,105,0.0731679284481002,166.74814399630122,178.65300083030888,0.7683008647925622,0.9938997117358135,0.006100288264186515,0.993881590007179,166.66574308328563,0.9999817670450847,2137.638836694805,0.38527417433244243
8,132,-0.8390541889683534,242.45378607474777,253.5467167808747,1.0901314660315555,0.8866228446561486,0.1133771553438514,0.881869539445367,255.5253385812648,0.9946388644964091,244.01539205291556,0.8697023361980045
9,62,-0.23369653243349758,224.23592734048725,230.97426809363242,1.1040219552819182,0.8819926815726948,0.11800731842730516,0.8767269006746261,238.99214766152,0.994029677333968,176.9899628220628,1.0046270921071665
10,91,-0.06793248908437506,225.61509257411672,232.71869873542528,1.10521259948664,0.8815958001711208,0.11840419982887918,0.8762935967005804,241.86603601447132,0.9939856752158862,170.55259333801587,1.0438479329667518
11,13,-0.009941597073928573,226.12963041683543,233.003561841997,1.1052401122386852,0.8815866292537722,0.11841337074622782,0.8762810928522,242.6243405752757,0.9939818320451818,167.31867176440574,1.0519652129865755
12,0,-0.08471327981998417,229.8261860942148,238.15528661816643,1.107086314789657,0.8809712284034484,0.11902877159655156,0.8754287381663882,246.24759400876428,0.9937086591952565,184.20318162770855,1.1211333163187662
13,295,-0.06144992044856167,235.3555211134335,242.30846391446903,1.107086314789657,0.8809712284034484,0.11902877159655156,0.875428738166388,250.96191061948048,0.9937086591952565,184.20318163543925,1.1211333163187662
14,18,0.0010462519086445155,235.45330238857787,242.37785235027332,1.1070863006190965,0.8809712331269681,0.11902876687303188,0.8754287289209511,251.04118416675192,0.9937086433726752,184.199404208357,1.1219875774249637
15,8,-0.002493762486954832,235.39851492023445,242.33652869179423,1.1070859180077517,0.8809713606640829,0.11902863933591712,0.8754286489623953,250.99226374004502,0.9937084087529152,184.21422882420302,1.124023725969208
16,117,-0.010923448644841825,234.83440630252517,242.026412137875,1.1081931909308271,0.8806022696897244,0.11939773031027556,0.8750247957007077,250.42669382492022,0.9936662961464071,186.01297161967523,1.1303303819847865
17,63,0.0008843729508557184,234.8908402059351,242.07921803008503,1.1081886992680068,0.8806037669106644,0.11939623308933556,0.8750264560909323,250.471738745091,0.9936664922076158,186.12213610140316,1.130840974946027
18,137,-0.00042101068996086777,234.8927652628845,242.08213598012662,1.1081884042079961,0.8806038652640015,0.11939613473599853,0.8750265635524879,250.47394063813044,0.9936665032581465,186.13027741412225,1.1310840455812077
19,90,-0.024329284524587484,234.84332550378895,241.85249638912865,1.1083321630517813,0.8805559456494065,0.11944405435059346,0.874972754491195,250.369899913494,0.9936594702633083,185.00290557494736,1.1451305645506693
20,87,-0.003960292800752816,234.8325721054607,241.91505102817246,1.1083321630517813,0.8805559456494066,0.11944405435059335,0.8749727544911953,250.44093985115978,0.9936594702633083,185.00290557267363,1.1451305645506693
21,135,-0.0003991460202020258,234.84049947728636,241.91840000503362,1.1083279101792258,0.8805573632735916,0.11944263672640842,0.8749745018119652,250.44844516332887,0.9936598548891,184.9747659498462,1.145361011612879
22,147,0.0011187771974211901,234.86670823922395,241.93351367011928,1.108322754830314,0.8805590817232288,0.11944091827677117,0.8749766431944996,250.46772214864177,0.9936603475625921,184.9581587157445,1.1460069379289732
23,9,0.09045710555506828,235.4860106615888,252.23256695153395,1.114386059190608,0.8785379802697977,0.12146201973020232,0.87217392118909,254.78372072893762,0.9927560797328843,239.72173781612582,1.2198648553353049
24,20,0.027950353973552243,236.52483973455674,252.59687882362414,1.1141514892479747,0.8786161702506758,0.12138382974932416,0.8722009766096954,255.55310354911853,0.9926985254105334,237.1404830018946,1.24268622379043
25,152,0.0012929049216418582,236.53862900073364,252.60637329120073,1.1141507872945642,0.8786164042351459,0.12138359576485414,0.8722011614612305,255.56268755326528,0.9926984714341872,237.1492824267989,1.2434326827949764
26,128,-0.11012353149196874,233.2852004956294,256.59010882236544,1.1295304142717186,0.8734898619094277,0.12651013809057232,0.8669458229170863,250.6861866854706,0.9925081683512216,303.29550101669156,1.3070125333459768
27,10,-0.8540082212221805,232.42136645149003,253.82742838110062,1.1237450038041725,0.8754183320652761,0.12458166793472392,0.8499831994199507,247.46757731008984,0.9709451679115297,304.4589647088287,2.004307326058057
28,138,0.0025253201483235502,232.4143371693026,253.82127327111448,1.123745289005667,0.8754182369981113,0.12458176300188872,0.8499829547678978,247.46489459494114,0.9709449938837997,304.4283706208262,2.0057653203254815
29,102,0.004544246116682017,232.35288920886887,253.7976869780323,1.1237450416196038,0.8754183194601323,0.12458168053986773,0.8499822630595923,247.4380351027321,0.9709441122774012,304.427818419299,2.0083889420442116
30,101,0.007990991209241198,232.35129506747398,253.79433610260094,1.1238461183667374,0.8753846272110878,0.12461537278891222,0.849945371673965,247.43120871744395,0.9709393394099571,304.43508007374476,2.013002542969959
31,104,-0.012562784095316767,232.45540816378707,253.85817381993547,1.1238822230869683,0.8753725923043442,0.12462740769565583,0.8499341336575926,247.4580240832438,0.970939850218766,304.7540287980155,2.020255669749161
32,14,0.005135792709780249,232.4045505661161,253.81118833502114,1.1238820757896273,0.875372641403458,0.12462735859654195,0.8499335493879004,247.40395995968356,0.9709391283068067,304.7567833386893,2.02444902693705
33,15,2.319176149949586,475.7125597993763,456.36271287776253,1.2562785290993674,0.8312404903002109,0.16875950969978915,0.5635681407564908,500.8552032222724,0.6779844669897552,243.15259170634818,3.9180484239400153
34,77,-2.0740118513682275,477.63755180085354,306.89285251082765,1.5174544255924711,0.7441818581358428,0.2558181418641572,0.4529187381569293,358.02705925561895,0.6086129797513199,164.0838023631659,5.115479724629936
35,6,-1.5036844606511137,367.52454579345795,392.76362647433416,2.4001023586710426,0.449965880442986,0.550034119557014,0.06395097320020313,590.5641148738141,0.14212404979960752,236.89090532388946,6.343232945545723
36,3,-0.4637206121893551,347.39099969465315,329.7436294892577,2.6772037219727167,0.3575987593424277,0.6424012406575723,0.03404561476987852,537.2230830271292,0.0952061881659866,220.18995188318513,6.7218592399040435
37,46,0.005419753632924246,347.66702135766536,329.7738222750013,2.676999572181461,0.3576668092728464,0.6423331907271537,0.03405762274741213,537.6001805552733,0.09522164725503304,219.9927630986167,6.724988336122954
38,21,-0.8773011029681959,300.4080857563167,410.37260962229993,2.3203129457795004,0.47656235140683356,0.5234376485931664,0.23056153566533655,468.1913099657322,0.4838014060168802,363.6734678684661,7.4413016871406095
39,2,0.011219844153002515,298.89083848502196,409.764030907354,2.32045435854321,0.4765152138189304,0.5234847861810696,0.2305263258714038,467.6998721779455,0.48377537418773964,362.96820509096506,7.450462651530078
40,24,-0.005625762463549938,298.7980147045164,409.9300762409257,2.320152696128316,0.4766157679572281,0.523384232042772,0.2305585392383057,468.0033893646396,0.48374089725666847,362.9877998505435,7.453710687002805
41,44,-0.013846777876486598,298.74053499588626,409.9169577880275,2.3199736147492658,0.4766754617502452,0.5233245382497548,0.23046865842123698,467.89349616847176,0.48349176098767066,363.0501731408913,7.461705127937203
42,48,-0.6042912969196224,305.86743792764537,406.85557995038835,2.3706950706976793,0.4597683097674407,0.5402316902325592,0.1858383770393495,468.62972567578254,0.40420005705341044,360.2239541705785,7.8105928708826955
43,108,0.47258964623641125,269.52770239677193,393.38817360021494,2.505880963184583,0.41470634560513914,0.5852936543948608,0.12215919661697919,438.71796568419086,0.29456794647963414,367.2117515843638,8.083442630353517
44,141,0.45249508259617377,221.7763888997979,404.28588486065564,2.284971532438335,0.4883428225205553,0.5116571774794447,0.14469897546830038,446.91347628759104,0.2963061374004525,369.5424107668259,8.344690788097399
45,113,1.2836492875217957,32.55398933197284,392.2390254856509,2.3605370445247162,0.4631543184917616,0.5368456815082384,0.07111844786909582,436.20911495418113,0.15355237990803902,360.2463251258996,9.08580604979318
46,94,-0.08063096140286373,30.32443586653244,391.5849206691746,2.361290691220077,0.4629031029266413,0.5370968970733587,0.07108437480026222,436.88871585254674,0.15356210479221488,358.48105987270174,9.13235835706414
47,130,-0.10422352682522887,29.212732580162992,398.503606081249,2.3586667521413274,0.46377774928622445,0.5362222507137755,0.07090986199832638,444.86077725787254,0.15289621398926542,364.3510975780373,9.192531838332577
48,96,-0.019537019941585205,28.9204955047353,398.2803115613933,2.358765319293564,0.46374489356881216,0.5362551064311878,0.07090420864290779,444.69924296799945,0.15289485582742451,364.07969056881484,9.203811542055014
49,86,0.005152260871281883,28.921817132868455,398.2918209571835,2.358777443823773,0.4637408520587425,0.5362591479412575,0.07090280584618223,444.7254874912687,0.15289316335063985,364.0791098355294,9.206786201255984
50,17,-0.0924449802916643,29.649853877344867,387.7513243919566,2.3477353032102837,0.46742156559657233,0.5325784344034277,0.0720237988237196,441.5829892568581,0.1540874536496735,346.44728221064724,9.282267211588058
51,109,0.032683035724459734,29.33435280328922,387.79724686582995,2.3476392924163063,0.46745356919456466,0.5325464308054353,0.07202478890436656,441.5499616893612,0.15407902228336248,346.556430414239,9.30113677106151
52,58,-0.04007447038619676,29.409204831608804,388.179894647692,2.3467735393691056,0.46774215354363163,0.5322578464563683,0.07205960947415367,442.6968572088299,0.15405840360597725,346.2127399698147,9.324273777326612
53,120,-0.10563753412228284,27.902521822852577,387.56180058726386,2.3427655747496106,0.4690781417501299,0.53092185824987,0.07207666387215969,442.46833472288927,0.153655984913818,344.9927131887307,9.38526363608864
54,36,-0.03231402409415049,27.76230896142806,387.6008032316349,2.342511296341599,0.4691629012194673,0.5308370987805326,0.0720408837794249,443.24718491452586,0.15355196157277853,344.3613131375969,9.403920146597997
55,116,-0.029406032709032835,27.624065991858515,387.86476010773185,2.3424838364284826,0.46917205452383937,0.5308279454761606,0.07203166358899395,443.6700345868303,0.1535293138081265,344.4830250941777,9.420897727498357
56,80,0.0008965099030439638,27.631740708329744,387.79641360861206,2.342567776958515,0.46914407434716177,0.5308559256528382,0.07202690607359959,443.5664650218314,0.15352832959433368,344.4513480799287,9.42141532773221
57,60,-0.009624170418346817,27.579358301863977,387.8692699813655,2.3425164638112657,0.46916117872957813,0.5308388212704218,0.07201992202620762,443.58478708863913,0.15350784611213436,344.56901738985835,9.42697184511397
58,26,-0.012955480080032784,27.450775670786243,387.946461492902,2.342360374676324,0.46921320844122527,0.5307867915587747,0.0720359977031045,443.66166022655307,0.1535250849873037,344.6362020140441,9.434451695025658
59,148,-0.20018927261545913,31.34639254449212,396.20805067170295,2.3319008071143843,0.4726997309618719,0.5273002690381281,0.06972464810473261,457.142004088837,0.14750304165152298,347.52537896838476,9.550031025459068
60,288,-0.6664537583007843,43.09135054290891,414.36240733401064,2.1735695910903625,0.525476802969879,0.474523197030121,0.07645027767511624,466.84920905045146,0.14548744538871403,362.1813828899576,9.934808282216464
61,42,0.45828900618795215,28.385942207933113,406.06966796531196,2.2045536866687367,0.515148771110421,0.484851228889579,0.07634149263407435,447.93054288493295,0.14819309860628735,367.53471016982076,10.199401563305724
62,118,0.09467992322032931,28.267049363421393,406.00462813654303,2.2037675494980418,0.5154108168339862,0.48458918316601385,0.0761603193634612,447.58239712064096,0.14776624175505526,367.7240950696614,10.254065042463834
63,50,-0.008565864498598906,28.20902452504015,405.88918229150295,2.203667849229653,0.5154440502567822,0.4845559497432178,0.07616162938582254,447.43477896645345,0.14775925601989326,367.6369877407524,10.259010546637942
64,74,0.020947236983129256,28.174010254133464,406.0286724184152,2.203661508422875,0.515446163859042,0.48455383614095804,0.07615140100310558,447.3585113128138,0.14773880638275666,368.00561711470436,10.27110443954893
65,78,-0.005112533579495567,28.15442101973531,406.01360742994075,2.2036542738248333,0.5154485753917222,0.4845514246082778,0.0761513365358424,447.3265312026342,0.14773799011466907,368.00812133378713,10.274056162187293
66,64,-0.020586479038501797,28.3737938525519,406.1431212003299,2.2036737023748927,0.515442099208369,0.48455790079163097,0.07613699769508865,447.52502027904484,0.14771202781461226,368.06540304223745,10.285941771401838
67,112,-0.02646722058519057,28.37990864099993,406.28311010004836,2.203227621261873,0.5155907929127088,0.4844092070872912,0.07605922296934507,447.64541410449965,0.14751858259467063,368.2000336557394,10.301222628331399
68,124,-0.007862151663153738,28.46336458424048,406.41726079138607,2.203268609167127,0.5155771302776241,0.4844228697223759,0.07605416819550824,447.9171393886645,0.1475126876837132,368.19017029392853,10.30576184371053
69,54,-0.004694742721168291,28.470896428643755,406.4703659496445,2.2032670907235326,0.5155776364254889,0.4844223635745111,0.07605288421175317,448.0201973201474,0.14751005248992083,368.1900204919657,10.308472354684373
70,11,-0.10233724456947177,27.857142856191786,405.84886179067325,2.204626014123078,0.5151246619589742,0.4848753380410258,0.07561001793941416,447.45122406311566,0.14678003893635358,367.59283706305723,10.392030364976911
71,1,0.0495682925841422,27.671632702549687,405.7376764935725,2.2045802617401864,0.5151399127532714,0.4848600872467286,0.07518674871361451,447.4151480853834,0.1459540347238161,367.3991530627063,10.432502706394288
72,72,0.016522148089745135,27.69645589751235,405.74899849616486,2.2043723058682145,0.5152092313772619,0.48479076862273807,0.07518560400156797,447.3321397545078,0.14593217555629037,367.4984333970315,10.442041773041494
73,75,0.143738339329575,26.149993360377266,400.8423040327216,2.2050759012642214,0.5149746995785933,0.4850253004214067,0.07514806634200359,451.76300948787684,0.14592574432005642,352.719074054221,10.525029141946293
74,143,0.02877315564963017,26.14586344861891,402.09571541481637,2.205240922733646,0.5149196924221188,0.48508030757788123,0.07510132454369618,453.9357458620543,0.1458505581529206,353.0085139627772,10.541641331106042
75,103,0.013857251637998082,26.116738463315414,402.08616167319633,2.205240922733646,0.5149196924221185,0.48508030757788145,0.07510132454369615,453.9171920114313,0.14585055815292067,353.0085139655057,10.541641331106042
76,307,0.09635870357107126,29.15110141157129,408.80512372314115,2.209068207611436,0.5136439307961883,0.4863560692038117,0.07487867636274835,463.8769959642559,0.14577934610593118,356.5850805230184,10.597274054551564
77,134,0.06346454970910395,27.988683628791478,411.1857680477442,2.211297590054272,0.5129008033152428,0.4870991966847572,0.07475559727869631,466.27935912056273,0.14575059503806148,359.1156069051067,10.633915329410113
78,22,0.000307809909658876,27.988556078980764,411.18458203663977,2.211297529433452,0.5129008235221832,0.48709917647781675,0.07475559266288824,466.2770794006974,0.14575058029645577,359.115567844583,10.634093043544315
79,35,0.36278088413833354,28.13075769608986,420.2982708034142,2.2423069303560297,0.5025643565479903,0.49743564345200975,0.07297192558276822,453.2306179571606,0.14519916629980914,392.9681142849404,10.843544684658433
80,34,0.025614291553570413,28.096549579004204,420.35704317095224,2.2420879832314915,0.5026373389228362,0.49736266107716376,0.07299952870552442,453.3864985901346,0.14523300012284035,392.9190337980799,10.858333102781987
81,93,0.02012975638931727,27.959206811374315,420.6153613231436,2.2421677571691276,0.5026107476102912,0.49738925238970877,0.0729948889545873,453.0315575207169,0.14523145257368283,393.80059940094725,10.869955023052082
82,92,-0.0013543580563001143,27.96459479350233,420.5999187756788,2.242167638580967,0.5026107871396779,0.4973892128603221,0.07299471558689485,452.99740673453925,0.1452310962172193,393.80405631118265,10.870736962040466
83,253,-0.07815150640143761,27.676090594468405,420.7546418519996,2.242235801618923,0.5025880661270259,0.4974119338729741,0.07299054358397528,452.6824217027752,0.1452293607893336,394.4363506088848,10.91585775529891
84,321,-0.1514123317563087,26.820474501619174,424.72356471671446,2.24859338517523,0.5004688716082568,0.4995311283917432,0.07259651148796607,455.1271588638883,0.14505699676121148,400.2046286914265,11.003275705797044
85,88,0.002135410106461098,26.804744158653193,424.73281417460385,2.2485945551631925,0.5004684816122695,0.49953151838773047,0.07259665834911391,455.1481115177012,0.14505740324593933,400.20220052019795,11.00450858539684
86,7,-0.021656490585065094,26.672901704841934,424.4202924714955,2.2497678495378826,0.5000773834873729,0.49992261651262715,0.07267319481097254,454.6891075615349,0.14532389828184997,400.0838398774249,11.022191035914439
87,68,0.06357448082015749,27.622993638033222,424.28189203292277,2.24407801372172,0.5019739954260932,0.4980260045739068,0.07287696038274485,452.46989170482266,0.14518074849850404,401.8121714084373,11.058895779529548
88,151,0.04689935314333439,27.46281983127119,423.9244778145803,2.244559860210815,0.5018133799297282,0.4981866200702718,0.07264944638436426,452.11406807993626,0.14477383284307382,401.47140269573356,11.085973133691672
89,129,-0.007403768023225064,27.44872153743927,423.95377668617584,2.2445763476320697,0.5018078841226437,0.49819211587735635,0.07265209060221725,452.1323821159058,0.14478068779098904,401.51239033912134,11.090247701152899
90,52,-0.01888070505154302,27.325570881657768,424.52743622015987,2.2442811206611606,0.5019062931129463,0.4980937068870537,0.07266466716847433,452.94520497463964,0.14477735817534815,401.8338809373745,11.101148481296898
91,154,0.006399521004881808,27.151972749379638,424.0164685261334,2.244263638585859,0.5019121204713808,0.4980878795286192,0.07265954153914249,452.10612124719773,0.14476546505970583,401.65288101070473,11.10484324647175
92,195,-0.07782422789556026,26.800964229551028,424.64160530653317,2.246638949849066,0.5011203500503116,0.49887964994968836,0.07250992567618514,450.53606743931596,0.1446956318355568,404.5725722953648,11.149775085396726
93,281,-0.09259333572967773,25.12602852903001,429.2964204987584,2.250357524414577,0.4998808251951411,0.5001191748048589,0.07227281038860411,455.747610835715,0.144580081383179,408.7995695904283,11.203233872705422
94,100,-0.0006297457333079785,25.128858866082737,429.2984073763364,2.2503587511323433,0.4998804162892191,0.5001195837107809,0.07227282309302333,455.7519528652847,0.1445802250656846,408.79924568616843,11.203597456574068
95,110,0.16946157639039683,24.091827412121347,429.9314818908897,2.2493911412901,0.5002029529033003,0.4997970470966997,0.06758329252456707,453.6504572620288,0.1351117424083508,412.13497653279774,11.301436143320363
96,31,-0.014944962854347646,24.051354118000745,429.86698773529497,2.2493163494653476,0.500227883511551,0.499772116488449,0.06758811110542631,453.94249090395533,0.1351146414129583,411.71126209064823,11.31006462164735
97,30,-0.0014140862583313589,24.048864073847653,429.86824475792673,2.2493157678203484,0.5002280773932174,0.4997719226067826,0.06758818351102695,453.94328931706696,0.13511473378951805,411.71295945378006,11.310881044729253
98,89,-0.019253939455269865,24.00056125679839,430.27148035889695,2.249441235364462,0.5001862548785129,0.49981374512148713,0.06758056945101468,454.1725546600901,0.13511080880746906,412.2943258266787,11.321997311856714
99,153,-0.004724842624168353,24.015661995690607,430.3765963281876,2.2494103271763546,0.5001965576078818,0.49980344239211816,0.06757164469787005,454.27444454116994,0.13509018338914955,412.4016846822087,11.324725201017657
100,76,0.01551949537659342,24.028576171076566,430.3323570352404,2.2497175069189987,0.5000941643603338,0.4999058356396662,0.06759954390835325,454.111623672361,0.13517363073976138,412.4858652448893,11.33368538585102
101,73,0.11202919375062921,23.286482076400716,430.84247840442913,2.2535401546977303,0.49881994843409005,0.50118005156591,0.06735298017887867,447.37864032367725,0.1350246324155941,420.325919969855,11.398365471020043
102,82,0.025835398681205598,23.2236644033037,430.8246267873983,2.253966921730302,0.4986776927565661,0.5013223072434339,0.0673237105959035,447.17477511858306,0.1350044559317559,420.5024632037748,11.413281545403258
103,145,-0.08748407847719712,21.80683498909275,432.5061422391627,2.256640869106074,0.49778637696464234,0.5022136230353577,0.06687408355932628,448.1210146700505,0.13434293635576203,422.9706553246615,11.463790501661874
104,98,-0.06555350561675174,21.61147481547232,433.3132699603084,2.2569084687933367,0.49769717706888805,0.502302822931112,0.06689539466774717,447.2130814351658,0.13440983342866744,425.48263989419866,11.50163783577603
105,276,0.02256381156692213,21.53444956366002,433.4701635461897,2.2569084687933367,0.49769717706888805,0.502302822931112,0.06689539466774717,447.5283204851621,0.13440983342866744,425.4826398955629,11.50163783577603
106,23,0.008749683183637929,21.532496225518116,433.40150985022774,2.2569084687933367,0.4976971770688882,0.5023028229311117,0.06689539466774715,447.3903777779924,0.13440983342866739,425.48263989510815,11.50163783577603
107,136,0.06103994200874664,21.14999609966617,434.1158173265285,2.256594387681343,0.4978018707728862,0.5021981292271138,0.0668544799864746,448.84659587205533,0.13429937473452355,425.4557256581393,11.5368792627261
108,32,0.0006912647392379172,21.150412116639927,434.1213848542793,2.2565949801245777,0.4978016732918079,0.5021983267081921,0.06685440088123949,448.85692182742787,0.1342992691027979,425.45658795233976,11.53727836460938
109,146,-0.03767677519781666,20.95066432684689,435.1616561848459,2.2567228678067623,0.4977590440644129,0.5022409559355872,0.06681661898409767,449.4083498893815,0.13423486681128252,426.98383069546253,11.559031060912035
110,106,-0.048038548009945684,20.91152041566602,434.5663474846333,2.257419567284389,0.497526810905204,0.502473189094796,0.06674689710942204,448.5435815781784,0.1341573873938217,426.6684393483047,11.586766129537056
111,47,-0.004600473502388628,20.91126607183469,434.576276666121,2.257406296587046,0.49753123447098496,0.502468765529015,0.06674753319003196,448.5538948338217,0.1341574730700141,426.6777433394964,11.589422214152059
112,214,0.32383098384000514,19.74775668395523,443.0946325037439,2.295077857597592,0.4849740474674697,0.5150259525325303,0.06408585211278495,459.5726135848963,0.13214284856569294,433.51987929281677,11.776386119844027
113,66,-0.06523252148596304,18.01504854211089,445.5256251994797,2.2992087745193066,0.48359707516023104,0.516402924839769,0.06411200128119653,465.48913266951786,0.1325731783219621,432.7720850528749,11.814048133683865
114,65,0.10579683213977455,17.172454652154556,447.99815530586784,2.3009315810548694,0.48302280631504385,0.5169771936849561,0.06400397700321797,467.02283385093324,0.1325071532160172,436.1647259897836,11.875129963199173
115,33,0.012779732803278977,17.12037764764318,447.6947486386962,2.3008820586735954,0.48303931377546855,0.5169606862245315,0.06400743694380677,466.8743460906626,0.13250978775106384,435.715390635778,11.882508345373317
116,107,-0.3008691237460585,10.38704335633156,468.16141378667453,2.33195403442725,0.47268198852425036,0.5273180114757496,0.061636032580747784,471.9084626581207,0.13039640620363016,470.7443341112594,12.05621521495895
117,193,-0.637564429292734,3.4855912376769993,469.8335078915079,2.2819668862713565,0.4893443712428815,0.5106556287571185,0.06526420954580123,466.7439543341061,0.13337071678179788,478.73585788147466,12.424313209836841
118,301,-0.08177487150007505,3.4279481615158147,469.3178558081854,2.2819668862713565,0.4893443712428815,0.5106556287571185,0.06526420954580123,465.6901931921311,0.1333707167817979,478.7358578819294,12.424313209836841
119,144,0.27841688517068547,1.8459856682966347,462.9065167787303,2.381887749220243,0.45603741692658567,0.5439625830734143,0.07354904461502496,463.1628486599766,0.16127853085104463,468.63335110856497,12.585057273437073
120,142,-0.054162066145939755,1.6788814432402432,463.81136303762105,2.3831492021805314,0.45561693260648967,0.5443830673935104,0.07347528790371519,464.1568508191085,0.16126549003211632,469.46394305132344,12.616327756906298
121,270,-0.12146099271504537,1.571906043409399,464.7296754533272,2.3835368555324052,0.4554877148225317,0.5445122851774683,0.07343041338199759,465.1640287834198,0.16121271988775326,470.30806952125204,12.686453293746368
