case,application,theta_abs,comm_relF,theta3_comm,local_infidelity
18q,1,0.04101302685033117,0.0,0.0,0.0
18q,2,0.17548781179597858,0.0,0.0,0.0
18q,3,1.1600838697669977,0.0,0.0,0.0
18q,4,0.13939503471119483,0.24743582965269675,0.0006702001186690636,1.2602894283730848e-09
18q,5,0.5197660340687383,0.0,0.0,0.0
18q,6,0.5285358760135876,0.0,0.0,4.440892098500626e-16
18q,7,0.798782703329071,0.0,0.0,0.0
18q,8,1.851831810175869,0.12598815766974242,0.8000817151323566,2.5913938352939425e-06
18q,9,3.130372398117337,0.12598815766974242,3.8647173949321276,0.16104439339076737
18q,10,0.9948273158903141,0.12598815766974242,0.12404316247618376,4.3912534104517675e-06
18q,11,0.040156622940782656,0.0,0.0,0.0
18q,12,0.21333576548436037,0.0,0.0,0.0
18q,13,0.971625023218773,0.0,0.0,0.0
18q,14,0.2091021703595646,0.0,0.0,0.0
18q,15,0.6706045649416923,0.0,0.0,0.0
18q,16,0.4296120647164804,0.12598815766974242,0.00998985380135446,2.9941455070847667e-07
18q,17,0.03269453738322431,0.12598815766974242,4.403067214030814e-06,5.906386491005833e-14
18q,18,0.06320330238312423,0.12598815766974242,3.180892834286368e-05,1.6628920462835595e-12
18q,19,1.1063942921471799,0.24743582965269675,0.3351138421806848,0.0002752644498649204
18q,20,0.08977834947634294,0.12598815766974242,9.116845098998312e-05,2.220446049250313e-16
18q,21,1.0092959749248664,0.12598815766974242,0.12953446899781532,7.524957583437963e-05
18q,22,0.066063711251822,0.12598815766974242,3.6326087716319184e-05,2.807976073881946e-12
18q,23,0.18233703920952005,0.0,0.0,0.0
18q,24,0.3503532729654982,0.12598815766974242,0.005418115542573175,7.308637495206938e-08
18q,25,1.5178127267886858,0.12598815766974242,0.4405389328188956,0.0010728997707776244
18q,26,0.7396138958253043,0.0,0.0,0.0
18q,27,0.036685386387561365,0.12598815766974242,6.220266875642207e-06,8.326672684688674e-14
18q,28,0.0865124584217541,0.12598815766974242,8.157661601957723e-05,4.0538683521162966e-12
18q,29,0.06491886597727109,0.12598815766974242,3.4470096542573225e-05,4.112488127816505e-12
18q,30,0.10666092940445301,0.12598815766974242,0.000152878289959258,3.327027542354699e-11
18q,31,0.055179142060499765,0.0,0.0,0.0
18q,32,0.10868006951116595,0.0,0.0,0.0
18q,33,1.0919970514583033,0.24743582965269675,0.32220107456647906,0.00013726816589265667
18q,34,1.558573870628334,0.24743582965269675,0.9367954236593493,0.0003580454774340103
18q,35,0.42165061529733106,0.12598815766974242,0.009444695061081287,1.3693357403532502e-07
18q,36,0.46216701632700175,0.0,0.0,0.0
18q,37,0.17755072844640102,0.0,0.0,0.0
18q,38,0.07560557398747007,0.12598815766974242,5.44491581999672e-05,0.0
18q,39,0.0419956846191482,0.0,0.0,2.220446049250313e-16
18q,40,0.43874528141674607,0.0,0.0,0.0
18q,41,0.5300414683830863,0.12598815766974242,0.018761142001259615,2.5955119609122335e-08
18q,42,0.20127598969800148,0.12598815766974242,0.0010273197505988134,1.3689473998823587e-09
18q,43,0.026321435987328792,0.0,0.0,0.0
18q,44,0.028608835562549496,0.12598815766974242,2.950056065506238e-06,0.0
18q,45,0.04568711322264503,0.0,0.0,0.0
18q,46,0.07706031480070924,0.0,0.0,0.0
18q,47,0.0670690812969477,0.12598815766974242,3.800990618572972e-05,2.6201263381153694e-14
18q,48,0.02153024646738949,0.12598815766974242,1.2574094778966418e-06,0.0
18q,49,0.14767208385790337,0.0,0.0,0.0
18q,50,0.15078233993022935,0.0,0.0,0.0
24q,1,0.2554868318898326,0.0,0.0,0.0
24q,2,0.3258273264968882,0.0,0.0,0.0
24q,3,0.10957383968937986,0.2121320343559642,0.000279078833033297,1.5744250347893285e-09
24q,4,1.0270266445106937,0.0,0.0,0.0
24q,5,0.2630078495376127,0.0,0.0,0.0
24q,6,0.15806138851996748,0.2121320343559642,0.0008376905866187353,5.128234725759739e-09
24q,7,1.41346193479925,0.09128709291752768,0.25778742513323444,0.0002459277296981144
24q,8,1.1670698051463042,0.09128709291752768,0.14511084661941823,1.6048181284311624e-05
24q,9,0.23789157871667396,0.0,0.0,0.0
24q,10,0.09149958729108933,0.0,0.0,0.0
24q,11,0.19827755978586045,0.0,0.0,0.0
24q,12,0.20270991958071183,0.2121320343559642,0.001766978482711121,9.68184288296925e-09
24q,13,0.5530106814458369,0.2121320343559642,0.035876231384522866,3.59750039724549e-06
24q,14,0.10152329247516674,0.0,0.0,4.440892098500626e-16
24q,15,0.06618820662711529,0.0,0.0,2.220446049250313e-16
24q,16,0.21199979748308276,0.2121320343559642,0.0020212153838229303,8.465901313314816e-09
24q,17,0.1996073983180939,0.2121320343559642,0.0016870818731140318,5.418508308707715e-09
24q,18,0.06856281249669088,0.2121320343559642,6.837103116904342e-05,9.29434307295196e-12
24q,19,0.5794263779077932,0.2121320343559642,0.0412668237892533,4.30769564030431e-06
24q,20,0.08553862026062717,0.2121320343559642,0.00013276786736456377,1.6349144260630055e-11
24q,21,0.49727142383977435,0.09128709291752768,0.01122509138724543,2.8736049517696927e-07
24q,22,0.11863800324368204,0.0,0.0,0.0
24q,23,0.05052238988378555,0.0,0.0,0.0
24q,24,0.09796492968138248,0.0,0.0,0.0
24q,25,0.2304117328915168,0.2121320343559642,0.0025948964237122478,1.947613348374233e-08
24q,26,0.09760007565297837,0.2121320343559642,0.00019722261814501227,1.1379319708737512e-10
24q,27,0.5977772003434245,0.0,0.0,0.0
24q,28,0.725681743515428,0.09128709291752768,0.03488574235899287,1.8774692555068029e-06
24q,29,0.9092468758402357,0.0,0.0,0.0
24q,30,1.2379141408097694,0.0,0.0,8.881784197001252e-16
24q,31,1.004496923805009,0.09128709291752768,0.09252417263413878,8.223277541130614e-06
24q,32,0.13966356473994024,0.0,0.0,1.3322676295501878e-15
24q,33,0.30013350166517944,0.0,0.0,1.5543122344752192e-15
24q,34,0.1433563832035763,0.0,0.0,0.0
24q,35,0.36324507673945905,0.09128709291752768,0.004375307563728884,2.93647772764416e-10
24q,36,1.0189695664489216,0.2121320343559642,0.22443464416048128,1.9498670690287767e-06
24q,37,0.09088804012468928,0.2121320343559642,0.0001592672467826819,1.3153922395758855e-12
24q,38,0.041234802284149774,0.0,0.0,0.0
24q,39,0.6179322507698319,0.0,0.0,0.0
24q,40,0.22828365258504468,0.09128709291752768,0.0010860099772743703,8.433431730736629e-11
24q,41,0.5375868568250657,0.0,0.0,0.0
24q,42,0.34442005237418705,0.0,0.0,0.0
24q,43,0.04065750135618023,0.0,0.0,0.0
24q,44,0.08620855965502439,0.09128709291752768,5.848716144494816e-05,2.0250467969162855e-13
24q,45,0.0920476622964447,0.0,0.0,0.0
24q,46,0.059880229652243676,0.0,0.0,0.0
24q,47,0.12414809356044251,0.2121320343559642,0.0004059068882891847,2.0340396034157493e-11
24q,48,0.033334609207017724,0.0,0.0,0.0
24q,49,0.08658878350866414,0.0,0.0,0.0
24q,50,0.1021059232928728,0.2121320343559642,0.0002258182654805557,2.1687540652237658e-11
24q,51,0.04320687179304495,0.2121320343559642,1.7110579938869175e-05,6.683542608243442e-14
24q,52,0.5058349262978915,0.09128709291752768,0.011815056834461352,1.9953442342846017e-08
24q,53,1.1861659875346735,0.09128709291752768,0.15235116423202275,5.742572025235759e-06
24q,54,0.02668271016708006,0.0,0.0,0.0
24q,55,0.07592281758063399,0.09128709291752768,3.995087794042593e-05,5.5067062021407764e-14
24q,56,0.45310631772372595,0.2121320343559642,0.019733613132900545,6.81179692652023e-08
24q,57,0.03692316217074719,0.2121320343559642,1.0678319725680132e-05,1.4210854715202004e-14
24q,58,0.13940770437565708,0.0,0.0,4.440892098500626e-16
24q,59,0.9291881047068179,0.09128709291752768,0.07323527238837534,6.875882884171958e-07
24q,60,0.08080331461060702,0.09128709291752768,4.816115633108674e-05,2.6401103525586223e-13
24q,61,0.08393625162769205,0.0,0.0,8.881784197001252e-16
NO,1,0.2951070310078779,0.11180339887498947,0.0028733840516537556,1.7027147836135015e-07
NO,2,0.5713194832949882,0.11180339887498947,0.020849330355024287,4.189284870892429e-06
NO,3,0.1392684238417904,0.11180339887498947,0.0003020042037048144,7.727918305278081e-10
NO,4,0.043843727497070224,0.0,0.0,0.0
NO,5,0.02723232714504375,0.0,0.0,2.220446049250313e-16
NO,6,0.8087192115282268,0.11180339887498947,0.059135501859811465,1.280763493705095e-06
NO,7,0.146764300790205,0.11180339887498947,0.00035344048631440493,1.1041774161668627e-09
NO,8,0.06762244413463277,0.11180339887498947,3.457224626075561e-05,1.034905494634586e-11
NO,9,0.1306924827915347,0.11180339887498947,0.0002495783055013841,8.992981914701659e-10
NO,10,0.2437909081045268,0.11180339887498947,0.0016199720507165684,7.933189305475707e-08
NO,11,0.948109467313739,0.0,0.0,0.0
NO,12,0.07546195496684517,0.10206207261596575,4.3857971384849745e-05,0.0
NO,13,0.2926868455251553,0.0,0.0,0.0
NO,14,0.0017677340521928793,0.11180339887498947,6.175978709718741e-10,0.0
NO,15,0.03778096461853541,0.11180339887498947,6.0294005015059805e-06,8.570921750106208e-14
NO,16,0.3694830956906777,0.11180339887498947,0.0056394756723162414,1.5195635127973617e-07
NO,17,0.18453277924095957,0.11180339887498947,0.0007025473088989485,2.310989177800593e-09
NO,18,0.05544281552971471,0.10206207261596575,1.739402995939554e-05,1.944666649933424e-12
NO,19,0.8052176043826149,0.0,0.0,0.0
